,title,year,number_of_reviews,rotten_tomatoes_link,wiki_link,number_of_ratings_by_users,number_of_reviews_by_rotten_tomatoes,user_rating,genre,director,producer,writer,runtime_in_minutes,revenue
154,The Age of Shadows,2016,49,https://www.rottentomatoes.com/m/the_age_of_shadows,https://en.m.wikipedia.org/wiki/The_Age_of_Shadows,"1,000+ Ratings",49 Reviews,83%,Action,['Kim Jee-woon'],['Choi Jeong-hwa'],['Kim Jee-woon'],140,55300000.0
178,SPL II: A Time for Consequences,2015,22,https://www.rottentomatoes.com/m/kill_zone_2_2016,https://en.m.wikipedia.org/wiki/SPL_II:_A_Time_for_Consequences,500+ Ratings,22 Reviews,63%,Action,['Pou-Soi Cheang'],"['Yip Wai Shun', 'Paco Wong']","['Lai-yin Leung', 'Ying Wong']",120,90270000.0
320,Dragon Inn,1967,24,https://www.rottentomatoes.com/m/dragon-inn-long-men-ke-zhen,https://en.m.wikipedia.org/wiki/Dragon_Inn,100+ Ratings,24 Reviews,85%,Action,['King Hu'],['L.S. Chang'],['King Hu'],111,16200000.0
104,Penguin Highway (film),2018,24,https://www.rottentomatoes.com/m/penguin_highway,https://en.m.wikipedia.org/wiki/Penguin_Highway_(film),100+ Ratings,24 Reviews,76%,Adventure,['Hiroyasu Ishida'],[],['Makoto Ueda'],118,1315037.0
401,Only Angels Have Wings,1939,29,https://www.rottentomatoes.com/m/only_angels_have_wings,https://en.m.wikipedia.org/wiki/Only_Angels_Have_Wings,"5,000+ Ratings",29 Reviews,82%,Adventure,['Howard Hawks'],['Howard Hawks'],"['Howard Hawks', 'Jules Furthman', 'William Rankin', 'Eleanore Griffin']",121,1000000.0
374,The Treasure of the Sierra Madre (film),1948,53,https://www.rottentomatoes.com/m/treasure_of_the_sierra_madre/,https://en.m.wikipedia.org/wiki/The_Treasure_of_the_Sierra_Madre_(film),"25,000+ Ratings",55 Reviews,93%,Adventure,['John Huston'],['Henry Blanke'],"['B. Traven', 'John Huston']",124,4099999.9999999995
402,The Adventures of Robin Hood,1938,50,https://www.rottentomatoes.com/m/1000355_adventures_of_robin_hood,https://en.m.wikipedia.org/wiki/The_Adventures_of_Robin_Hood,"25,000+ Ratings",50 Reviews,89%,Adventure,"['Michael Curtiz', 'William Keighley']",['Hal B. Wallis'],"['Norman Reilly Raine', 'Seton I. Miller']",102,3981000.0
279,A Grand Day Out,1989,20,https://www.rottentomatoes.com/m/a_grand_day_out_with_wallace_and_gromit,https://en.m.wikipedia.org/wiki/A_Grand_Day_Out,"10,000+ Ratings",20 Reviews,87%,Animation,['Nick Park'],[],['Nick Park'],23,7700000.0
301,The Buddy Holly Story,1978,30,https://www.rottentomatoes.com/m/buddy_holly_story,https://en.m.wikipedia.org/wiki/The_Buddy_Holly_Story,"5,000+ Ratings",30 Reviews,77%,Biography,['Steve Rash'],['Fred Bauer'],[],113,14300000.0
266,Searching for Bobby Fischer,1993,45,https://www.rottentomatoes.com/m/searching_for_bobby_fischer,https://en.m.wikipedia.org/wiki/Searching_for_Bobby_Fischer,"10,000+ Ratings",45 Reviews,86%,Biography,['Steven Zaillian'],"['William Horberg', 'Scott Rudin']",['Steven Zaillian'],110,7266383.0
169,O.J.: Made in America,2016,54,https://www.rottentomatoes.com/m/oj_made_in_america,https://en.m.wikipedia.org/wiki/O.J.:_Made_in_America,"1,000+ Ratings",54 Reviews,98%,Biography,['Ezra Edelman'],['Caroline Waterlow'],[],467,15200000.0
166,Chocolat (2016 film),2016,23,https://www.rottentomatoes.com/m/chocolat_2016,https://en.m.wikipedia.org/wiki/Chocolat_(2016_film),100+ Ratings,23 Reviews,67%,Biography,['Roschdy Zem'],"['Éric Altmayer', 'Nicolas Altmayer']",['Cyril Gely'],119,15200000.0
188,Rocks in My Pockets,2014,23,https://www.rottentomatoes.com/m/rocks_in_my_pockets,https://en.m.wikipedia.org/wiki/Rocks_in_My_Pockets,250+ Ratings,23 Reviews,69%,Comedy,['Signe Baumane'],['Signe Baumane'],['Signe Baumane'],88,1030000.0
420,The Cameraman,1928,20,https://www.rottentomatoes.com/m/the-cameraman-1928,https://en.m.wikipedia.org/wiki/The_Cameraman,"1,000+ Ratings",20 Reviews,93%,Comedy,['Edward Sedgwick'],[],"['Clyde Bruckman', 'Lew Lipton']",70,557000.0
419,"Steamboat Bill, Jr.",1928,33,https://www.rottentomatoes.com/m/steamboat_bill_jr,"https://en.m.wikipedia.org/wiki/Steamboat_Bill,_Jr.","5,000+ Ratings",34 Reviews,91%,Comedy,"['Charles Reisner', 'Buster Keaton']",[],['Carl Harbaugh'],71,557000.0
46,The Woman Who Ran,2020,43,https://www.rottentomatoes.com/m/the_woman_who_ran,https://en.m.wikipedia.org/wiki/The_Woman_Who_Ran,Fewer than 50 Ratings,43 Reviews,52%,Comedy,['Hong Sang-soo'],[],[],77,573005.0
364,The Lavender Hill Mob,1951,30,https://www.rottentomatoes.com/m/lavender_hill_mob/,https://en.m.wikipedia.org/wiki/The_Lavender_Hill_Mob,"5,000+ Ratings",30 Reviews,87%,Comedy,['Charles Crichton'],['Michael Balcon'],['T.E.B. Clarke'],78,7200000.0
212,It's Such a Beautiful Day (film),2012,32,https://www.rottentomatoes.com/m/its_such_a_beautiful_day,https://en.m.wikipedia.org/wiki/It%27s_Such_a_Beautiful_Day_(film),"1,000+ Ratings",33 Reviews,92%,Comedy,['Don Hertzfeldt'],['Don Hertzfeldt'],['Don Hertzfeldt'],62,244092.0
196,Hilda,2014,20,https://www.rottentomatoes.com/m/hilda,https://en.m.wikipedia.org/wiki/Hilda,Fewer than 50 Ratings,20 Reviews,71%,Comedy,[],"['Nicolás Celis', 'Gabriel Nuncio']",[],89,743541.0
291,Broadway Danny Rose,1984,29,https://www.rottentomatoes.com/m/broadway_danny_rose,https://en.m.wikipedia.org/wiki/Broadway_Danny_Rose,"5,000+ Ratings",29 Reviews,84%,Comedy,['Woody Allen'],['Robert Greenhut'],['Woody Allen'],86,10600497.0
141,Mr. Roosevelt,2017,34,https://www.rottentomatoes.com/m/mr_roosevelt,https://en.m.wikipedia.org/wiki/Mr._Roosevelt,100+ Ratings,34 Reviews,59%,Comedy,['Noël Wells'],"['Michael B. Clark', 'Chris Ohlson', 'Alex Turtletaub']",['Noël Wells'],90,6900.0
133,Daphne (2017 film),2017,31,https://www.rottentomatoes.com/m/daphne,https://en.m.wikipedia.org/wiki/Daphne_(2017_film),100+ Ratings,31 Reviews,61%,Comedy,['Peter Mackie Burns'],"['Valentina Brazzini', 'Tristan Goligher']",['Nico Mensinga'],90,109000000.0
267,The Wrong Trousers,1993,27,https://www.rottentomatoes.com/m/wallace_and_gromit_the_wrong_trousers,https://en.m.wikipedia.org/wiki/The_Wrong_Trousers,"10,000+ Ratings",27 Reviews,92%,Comedy,['Nick Park'],[],"['Nick Park', 'Bob Baker']",30,7266383.0
274,Rambling Rose (film),1991,20,https://www.rottentomatoes.com/m/rambling_rose,https://en.m.wikipedia.org/wiki/Rambling_Rose_(film),"2,500+ Ratings",20 Reviews,54%,Comedy,['Martha Coolidge'],['Renny Harlin'],[],115,6300000.0
423,The Navigator (1924 film),1924,22,https://www.rottentomatoes.com/m/the-navigator,https://en.m.wikipedia.org/wiki/The_Navigator_(1924_film),"2,500+ Ratings",22 Reviews,89%,Comedy,"['Donald Crisp', 'Buster Keaton']",['Buster Keaton'],"['Clyde Bruckman', 'Jean Havez', 'Joseph A. Mitchell']",69,680406.0
288,Sugar Cane Alley,1984,41,https://www.rottentomatoes.com/m/sugar_cane_alley,https://en.m.wikipedia.org/wiki/Sugar_Cane_Alley,500+ Ratings,41 Reviews,80%,Comedy,['Euzhan Palcy'],"['Michel Loulergue', 'Jean-Luc Ormières', 'Alix Régis']","['Euzhan Palcy', 'Joseph Zobel']",105,21000000.0
243,Half Moon (film),2006,24,https://www.rottentomatoes.com/m/half_moon,https://en.m.wikipedia.org/wiki/Half_Moon_(film),"2,500+ Ratings",24 Reviews,77%,Comedy,['Bahman Ghobadi'],['Bahman Ghobadi'],"['Behnam Behzadi', 'Bahman Ghobadi']",114,248700.0
123,Signature Move,2017,21,https://www.rottentomatoes.com/m/signature_move,https://en.m.wikipedia.org/wiki/Signature_Move,100+ Ratings,21 Reviews,87%,Comedy,['Jennifer Reeder'],"['Brian Hieggelke', 'Fawzia Mirza', 'Eugene Park']","['Lisa Donato', 'Fawzia Mirza']",80,7700000.0
120,Nanette (show),2018,49,https://www.rottentomatoes.com/m/hannah_gadsby_nanette,https://en.m.wikipedia.org/wiki/Nanette_(show),"1,000+ Ratings",49 Reviews,26%,Comedy,"['Madeleine Parry', 'Jon Olb']",[],['Hannah Gadsby'],69,328644.0
117,Chris Rock: Tamborine,2018,23,https://www.rottentomatoes.com/m/chris_rock_tamborine_2018,https://en.m.wikipedia.org/wiki/Chris_Rock:_Tamborine,250+ Ratings,23 Reviews,39%,Comedy,['Bo Burnham'],[],['Chris Rock'],64,328644.0
299,Atlantic City (1980 film),1980,37,https://www.rottentomatoes.com/m/atlantic_city/,https://en.m.wikipedia.org/wiki/Atlantic_City_(1980_film),"5,000+ Ratings",37 Reviews,77%,Comedy,['Louis Malle'],"['Denis Héroux', 'Gabriel Boustani', 'Justine Heroux']",['John Guare'],104,12700000.0
150,Hotel Salvation,2016,23,https://www.rottentomatoes.com/m/hotel_salvation,https://en.m.wikipedia.org/wiki/Hotel_Salvation,50+ Ratings,23 Reviews,76%,Comedy,['Shubhashish Bhutiani'],"['Sanjay Bhutiani', 'Sajida Sharma']",['Shubhashish Bhutiani'],102,10656.0
304,Love and Death,1975,23,https://www.rottentomatoes.com/m/love_and_death/,https://en.m.wikipedia.org/wiki/Love_and_Death,"10,000+ Ratings",23 Reviews,90%,Comedy,['Woody Allen'],['Charles H. Joffe'],['Woody Allen'],85,20100000.0
203,Of Horses and Men,2013,31,https://www.rottentomatoes.com/m/of_horses_and_men,https://en.m.wikipedia.org/wiki/Of_Horses_and_Men,"1,000+ Ratings",31 Reviews,72%,Comedy,['Benedikt Erlingsson'],"['Friðrik Þór Friðriksson', 'Christoph Thoke']",['Benedikt Erlingsson'],81,27000000.0
307,Sleeper (1973 film),1973,37,https://www.rottentomatoes.com/m/sleeper/,https://en.m.wikipedia.org/wiki/Sleeper_(1973_film),"25,000+ Ratings",37 Reviews,81%,Comedy,['Woody Allen'],['Jack Grossberg'],"['Woody Allen', 'Marshall Brickman']",88,18300000.0
311,Multiple Maniacs,1970,23,https://www.rottentomatoes.com/m/multiple_maniacs,https://en.m.wikipedia.org/wiki/Multiple_Maniacs,"1,000+ Ratings",23 Reviews,72%,Comedy,['John Waters'],['John Waters'],['John Waters'],90,33036.0
108,John Mulaney: Kid Gorgeous at Radio City,2018,20,https://www.rottentomatoes.com/m/john_mulaney_kid_gorgeous_at_radio_city_2018,https://en.m.wikipedia.org/wiki/John_Mulaney:_Kid_Gorgeous_at_Radio_City,100+ Ratings,20 Reviews,90%,Comedy,['Alex Timbers'],['John Skidmore'],['John Mulaney'],64,1315037.0
283,Tampopo,1985,56,https://www.rottentomatoes.com/m/tampopo,https://en.m.wikipedia.org/wiki/Tampopo,"5,000+ Ratings",56 Reviews,93%,Comedy,['Juzo Itami'],"['Seigo Hosogoe', 'Juzo Itami', 'Yasushi Tamaoki']",['Juzo Itami'],114,8100000.0
347,Witness for the Prosecution (1957 film),1957,36,https://www.rottentomatoes.com/m/witness_for_the_prosecution/,https://en.m.wikipedia.org/wiki/Witness_for_the_Prosecution_(1957_film),"5,000+ Ratings",38 Reviews,95%,Crime,['Billy Wilder'],['Arthur Hornblow Jr.'],"['Agatha Christie', 'Lawrence B. Marcus', 'Billy Wilder', 'Harry Kurnitz']",114,9000000.0
375,Quai des Orfèvres,1947,33,https://www.rottentomatoes.com/m/jenny_lamour/,https://en.m.wikipedia.org/wiki/Quai_des_Orf%C3%A8vres,"1,000+ Ratings",33 Reviews,89%,Crime,['Henri-Georges Clouzot'],"['Roger De Venloo', 'Louis Wipf']","['Henri-Georges Clouzot', 'Jean Ferry']",110,4099999.9999999995
415,The Public Enemy,1931,32,https://www.rottentomatoes.com/m/1016885_public_enemy,https://en.m.wikipedia.org/wiki/The_Public_Enemy,"5,000+ Ratings",32 Reviews,84%,Crime,['William A. Wellman'],['Darryl F Zanuck'],"['Kubec Glasmon', 'John Bright', 'Harvey F. Thew', 'David Mendoza']",84,557000.0
404,Angels with Dirty Faces,1938,23,https://www.rottentomatoes.com/m/angels_with_dirty_faces,https://en.m.wikipedia.org/wiki/Angels_with_Dirty_Faces,"5,000+ Ratings",23 Reviews,92%,Crime,['Michael Curtiz'],['Samuel Bischoff'],"['Rowland Brown', 'John Wexley', 'Warren Duff']",97,1700000.0
57,Jacinta,2020,24,https://www.rottentomatoes.com/m/jacinta_2020,https://en.m.wikipedia.org/wiki/Jacinta,Fewer than 50 Ratings,24 Reviews,91%,Documentary,['Jessica Earnshaw'],"['Jessica Earnshaw', 'Holly Meeh', 'Nimisha Mukerji']",[],105,573005.0
159,Peter and the Farm,2016,31,https://www.rottentomatoes.com/m/peter_and_the_farm,https://en.m.wikipedia.org/wiki/Peter_and_the_Farm,250+ Ratings,31 Reviews,76%,Documentary,['Tony Stone'],"['Tony Stone', 'Melissa Auf der Maur', 'Jake Perlin', 'Andrew Adair']",[],91,51500.0
58,All In: The Fight for Democracy,2020,67,https://www.rottentomatoes.com/m/all_in_the_fight_for_democracy,https://en.m.wikipedia.org/wiki/All_In:_The_Fight_for_Democracy,50+ Ratings,67 Reviews,67%,Documentary,"['Lisa Cortes', 'Liz Garbus']","['Stacey Abrams', 'Dan Cogan', 'Lisa Cortes', 'Liz Garbus']",['Jack Youngelson'],102,573005.0
59,A Thousand Cuts,2020,46,https://www.rottentomatoes.com/m/a_thousand_cuts_2020,https://en.m.wikipedia.org/wiki/A_Thousand_Cuts,Fewer than 50 Ratings,46 Reviews,79%,Documentary,['Ramona S. Diaz'],"['Ramona S. Diaz', 'Chris Clements', 'Christopher Clements', 'Julie Goldman', 'Carolyn Hepburn', 'Leah Marino']",['Ramona S. Diaz'],110,573005.0
61,Crip Camp,2020,100,https://www.rottentomatoes.com/m/crip_camp_a_disability_revolution,https://en.m.wikipedia.org/wiki/Crip_Camp,250+ Ratings,100 Reviews,92%,Documentary,"['James Lebrecht', 'Nicole Newnham']","['James Lebrecht', 'Sara Bolder', 'Nicole Newnham']","['James Lebrecht', 'Nicole Newnham']",107,573005.0
102,The Silence of Others,2018,25,https://www.rottentomatoes.com/m/the_silence_of_others,https://en.m.wikipedia.org/wiki/The_Silence_of_Others,Fewer than 50 Ratings,25 Reviews,83%,Documentary,"['Robert Bahar', 'Almudena Carracedo']","['Robert Bahar', 'Almudena Carracedo']","['Ricardo Acosta', 'Robert Bahar', 'Almudena Carracedo', 'Kim Roberts']",96,1315037.0
30,Three Minutes: A Lengthening,2021,52,https://www.rottentomatoes.com/m/three_minutes_a_lengthening,https://en.m.wikipedia.org/wiki/Three_Minutes:_A_Lengthening,Fewer than 50 Ratings,52 Reviews,79%,Documentary,['Bianca Stigter'],['Floor Onrust'],['Bianca Stigter'],69,15751.0
41,"Introducing, Selma Blair",2021,37,https://www.rottentomatoes.com/m/introducing_selma_blair,"https://en.m.wikipedia.org/wiki/Introducing,_Selma_Blair",Fewer than 50 Ratings,37 Reviews,80%,Documentary,['Rachel Fleit'],"['Mickey Liddell', 'Pete Shilaimon']",[],95,5700.0
64,Athlete A,2020,60,https://www.rottentomatoes.com/m/athlete_a,https://en.m.wikipedia.org/wiki/Athlete_A,100+ Ratings,60 Reviews,92%,Documentary,"['Bonni Cohen', 'Jon Shenk']","['Serin Marshall', 'Jennifer Sey', 'Julie Parker Benello']",[],103,573005.0
65,2040 (film),2020,33,https://www.rottentomatoes.com/m/2040,https://en.m.wikipedia.org/wiki/2040_(film),50+ Ratings,33 Reviews,47%,Documentary,['Damon Gameau'],"['Damon Gameau', 'Nick Batzias', 'Virginia Whitwell', 'Anna Kaplan']",['Damon Gameau'],92,942937.0
66,A Secret Love (film),2020,55,https://www.rottentomatoes.com/m/a_secret_love,https://en.m.wikipedia.org/wiki/A_Secret_Love_(film),100+ Ratings,55 Reviews,90%,Documentary,['Chris Bolan'],"['Alexa L. Fogel', 'Brendan Mason', 'Ryan Murphy']","['Chris Bolan', 'Alexa L. Fogel']",83,942937.0
70,Oliver Sacks: His Own Life,2019,30,https://www.rottentomatoes.com/m/oliver_sacks_his_own_life,https://en.m.wikipedia.org/wiki/Oliver_Sacks:_His_Own_Life,Fewer than 50 Ratings,30 Reviews,88%,Documentary,['Ric Burns'],"['Kathryn Clinard', 'Leigh Howell', 'Bonnie Lafave']",[],114,942937.0
72,White Riot (film),2019,51,https://www.rottentomatoes.com/m/white_riot,https://en.m.wikipedia.org/wiki/White_Riot_(film),Fewer than 50 Ratings,51 Reviews,78%,Documentary,['Rubika Shah'],['Ed Gibbs'],"['Ed Gibbs', 'Rubika Shah']",80,942937.0
63,Mucho Mucho Amor: The Legend of Walter Mercado,2020,66,https://www.rottentomatoes.com/m/mucho_mucho_amor,https://en.m.wikipedia.org/wiki/Mucho_Mucho_Amor:_The_Legend_of_Walter_Mercado,100+ Ratings,66 Reviews,91%,Documentary,"['Cristina Constantini', 'Kareem Tabsch']","['Alex Fumero', 'Kareem Tabsch']",[],96,573005.0
42,"Acasă, My Home",2020,41,https://www.rottentomatoes.com/m/acasa_my_home,"https://en.m.wikipedia.org/wiki/Acas%C4%83,_My_Home",Fewer than 50 Ratings,41 Reviews,83%,Documentary,['Radu Ciorniciuc'],"['Erkko Lyytinen', 'Monica Lazurean-Gorgan', 'Alina David']",[],86,5700.0
97,At the Heart of Gold: Inside the USA Gymnastics Scandal,2019,27,https://www.rottentomatoes.com/m/at_the_heart_of_gold_inside_the_usa_gymnastics_scandal,https://en.m.wikipedia.org/wiki/At_the_Heart_of_Gold:_Inside_the_USA_Gymnastics_Scandal,50+ Ratings,27 Reviews,91%,Documentary,['Erin Lee Carr'],"['Steven Ungerleider', 'David Ulich']",[],91,28410.0
53,Coded Bias,2020,52,https://www.rottentomatoes.com/m/coded_bias,https://en.m.wikipedia.org/wiki/Coded_Bias,Fewer than 50 Ratings,52 Reviews,59%,Documentary,['Shalini Kantayya'],[],['Shalini Kantayya'],90,573005.0
62,Welcome to Chechnya,2020,75,https://www.rottentomatoes.com/m/welcome_to_chechnya,https://en.m.wikipedia.org/wiki/Welcome_to_Chechnya,50+ Ratings,75 Reviews,86%,Documentary,['David France'],"['David France', 'Alice Henty', 'Askold Kurov', 'Joy A. Tomchin']",['David France'],107,573005.0
85,Midnight Traveler,2019,47,https://www.rottentomatoes.com/m/midnight_traveler,https://en.m.wikipedia.org/wiki/Midnight_Traveler,Fewer than 50 Ratings,48 Reviews,79%,Documentary,['Hassan Fazili'],"['Su Kim', 'Emelie Mahdavian']",['Emelie Mahdavian'],87,24897.0
87,Rewind (2019 film),2019,45,https://www.rottentomatoes.com/m/rewind_2020,https://en.m.wikipedia.org/wiki/Rewind_(2019_film),50+ Ratings,45 Reviews,96%,Documentary,['Sasha Neulinger'],"['Avela Grenier', 'Shasta Grenier', 'Robert Schneeweis']",[],86,17431.0
88,Slay the Dragon,2019,49,https://www.rottentomatoes.com/m/slay_the_dragon,https://en.m.wikipedia.org/wiki/Slay_the_Dragon,50+ Ratings,50 Reviews,72%,Documentary,"['Chris Durrance', 'Barak Goodman']",['Barak Goodman'],[],101,17431.0
89,Fantastic Fungi,2019,23,https://www.rottentomatoes.com/m/fantastic_fungi,https://en.m.wikipedia.org/wiki/Fantastic_Fungi,50+ Verified Ratings,23 Reviews,94%,Documentary,['Louie Schwartzberg'],"['Lyn Davis Lear', 'Louie Schwartzberg', 'Elease Lui Stemp']",['Mark Monroe'],81,1672211.0
49,A Crime on the Bayou,2020,24,https://www.rottentomatoes.com/m/a_crime_on_the_bayou,https://en.m.wikipedia.org/wiki/A_Crime_on_the_Bayou,Fewer than 50 Ratings,24 Reviews,80%,Documentary,['Nancy Buirski'],"['Nancy Buirski', 'Claire L. Chandler', 'Susan Margolin']",['Nancy Buirski'],91,573005.0
56,76 Days,2020,101,https://www.rottentomatoes.com/m/76_days,https://en.m.wikipedia.org/wiki/76_Days,Fewer than 50 Ratings,101 Reviews,84%,Documentary,"['Hao Wu', 'Weixi Chen']","['Jean Tsien', 'Hao Wu']",['Hao Wu'],93,573005.0
24,The Velvet Queen,2021,46,https://www.rottentomatoes.com/m/the_velvet_queen,https://en.m.wikipedia.org/wiki/The_Velvet_Queen,Fewer than 50 Ratings,46 Reviews,77%,Documentary,"['Marie Amiguet', 'Vincent Munier']",['Pierre-Emmanuel Fleurantin'],"['Marie Amiguet', 'Vincent Munier', 'Marie Amiguet', 'Vincent Munier']",92,15751.0
98,Honeyland,2019,133,https://www.rottentomatoes.com/m/honeyland,https://en.m.wikipedia.org/wiki/Honeyland,250+ Ratings,133 Reviews,86%,Documentary,"['Ljubo Stefanov', 'Tamara Kotevska']","['Ljubo Stefanov', 'Atanas Georgiev']",[],85,1315037.0
99,Emanuel (film),2019,20,https://www.rottentomatoes.com/m/emanuel,https://en.m.wikipedia.org/wiki/Emanuel_(film),250+ Verified Ratings,20 Reviews,98%,Documentary,['Brian Tetsuro Ivie'],"['Viola Davis', 'Dimas Salaberrios', 'John Shepherd', 'Mike Wildt']",['Brian Tetsuro Ivie'],80,1315037.0
100,Horror Noire,2019,32,https://www.rottentomatoes.com/m/horror_noire_a_history_of_black_horror,https://en.m.wikipedia.org/wiki/Horror_Noire,50+ Ratings,32 Reviews,67%,Documentary,['Xavier Burgin'],"['Ashlee Blackwell', 'Danielle Burrows']","['Ashlee Blackwell', 'Danielle Burrows']",83,1315037.0
22,Lady Boss: The Jackie Collins Story,2021,22,https://www.rottentomatoes.com/m/lady_boss_the_jackie_collins_story,https://en.m.wikipedia.org/wiki/Lady_Boss:_The_Jackie_Collins_Story,Fewer than 50 Ratings,22 Reviews,78%,Documentary,['Laura Fairrie'],"['John Battsek', 'Lizzie Gillett']",[],96,15751.0
74,Everybody's Everything (film),2019,21,https://www.rottentomatoes.com/m/everybodys_everything,https://en.m.wikipedia.org/wiki/Everybody%27s_Everything_(film),100+ Verified Ratings,21 Reviews,99%,Documentary,"['Sebastian Jones', 'Ramez Silyan']",['Benjamin Soley'],[],116,741515.0
51,Mayor (film),2020,44,https://www.rottentomatoes.com/m/mayor,https://en.m.wikipedia.org/wiki/Mayor_(film),Fewer than 50 Ratings,44 Reviews,86%,Documentary,[],[],[],89,573005.0
91,Mystify: Michael Hutchence,2019,41,https://www.rottentomatoes.com/m/mystify_michael_hutchence,https://en.m.wikipedia.org/wiki/Mystify:_Michael_Hutchence,100+ Ratings,41 Reviews,94%,Documentary,['Richard Lowenstein'],"['John Battsek', 'Andrew de Groot']",['Richard Lowenstein'],108,1100000.0
10,This Much I Know to Be True,2022,38,https://www.rottentomatoes.com/m/this_much_i_know_to_be_true,https://en.m.wikipedia.org/wiki/This_Much_I_Know_to_Be_True,Fewer than 50 Ratings,38 Reviews,96%,Documentary,['Andrew Dominik'],"['Isaac Hoff', 'Amy James']",[],105,434251.0
18,Attica (2021 film),2021,56,https://www.rottentomatoes.com/m/attica_2021,https://en.m.wikipedia.org/wiki/Attica_(2021_film),50+ Ratings,56 Reviews,84%,Documentary,"['Stanley Nelson', 'Traci Curry']","['Stanley Nelson', 'Traci Curry']",['Stanley Nelson'],116,134098.0
9,Is That Black Enough for You?!?,2022,40,https://www.rottentomatoes.com/m/is_that_black_enough_for_you,https://en.m.wikipedia.org/wiki/Is_That_Black_Enough_for_You%3F!%3F,Fewer than 50 Ratings,40 Reviews,67%,Documentary,['Elvis Mitchell'],"['Ciara Lacy', 'Terry Leonard']",[],135,1100000.0
118,Minding the Gap,2018,128,https://www.rottentomatoes.com/m/minding_the_gap,https://en.m.wikipedia.org/wiki/Minding_the_Gap,500+ Ratings,129 Reviews,91%,Documentary,['Bing Liu'],"['Bing Liu', 'Diane Moy Quon']",[],93,328644.0
114,Half the Picture,2018,20,https://www.rottentomatoes.com/m/half_the_picture_2018,https://en.m.wikipedia.org/wiki/Half_the_Picture,50+ Ratings,20 Reviews,70%,Documentary,['Amy Adrion'],"['Amy Adrion', 'Jude Hope Harris']",[],94,38500000.0
14,Stutz (film),2022,22,https://www.rottentomatoes.com/m/stutz,https://en.m.wikipedia.org/wiki/Stutz_(film),"1,000+ Ratings",22 Reviews,97%,Documentary,['Jonah Hill'],"['Chelsea Barnard', 'Diane Becker', 'Alison Goodwin', 'Jonah Hill', 'Matt Dines', 'Melanie Miller', 'Mark Monroe', 'Joaquin Phoenix']",[],96,434251.0
119,Los Reyes,2018,22,https://www.rottentomatoes.com/m/los_reyes,https://en.m.wikipedia.org/wiki/Los_Reyes,Fewer than 50 Ratings,22 Reviews,67%,Documentary,"['Iván Osnovikoff', 'Bettina Perut']",['Maite Alberdi'],[],78,328644.0
116,Bathtubs Over Broadway,2018,36,https://www.rottentomatoes.com/m/bathtubs_over_broadway,https://en.m.wikipedia.org/wiki/Bathtubs_Over_Broadway,100+ Ratings,37 Reviews,90%,Documentary,['Dava Whisenant'],"['Susan Littenberg', 'Amanda Spain', 'Dava Whisenant']","['Ozzy Inguanzo', 'Dava Whisenant']",87,328644.0
15,Free Chol Soo Lee,2022,42,https://www.rottentomatoes.com/m/free_chol_soo_lee,https://en.m.wikipedia.org/wiki/Free_Chol_Soo_Lee,Fewer than 50 Ratings,42 Reviews,85%,Documentary,"['Julie Ha', 'Eugene Yi']","['Julie Ha', 'Sona Jo', 'Su Kim', 'Jean Tsien', 'Eugene Yi']",[],83,434251.0
115,The World Before Your Feet,2018,31,https://www.rottentomatoes.com/m/the_world_before_your_feet,https://en.m.wikipedia.org/wiki/The_World_Before_Your_Feet,100+ Ratings,31 Reviews,75%,Documentary,['Jeremy Workman'],['Jeremy Workman'],[],95,328644.0
140,The Departure (2017 film),2017,26,https://www.rottentomatoes.com/m/the_departure_2017,https://en.m.wikipedia.org/wiki/The_Departure_(2017_film),100+ Ratings,26 Reviews,100%,Documentary,['Lana Wilson'],['Lana Wilson'],"['David Teague', 'Lana Wilson']",87,6900.0
111,The Bleeding Edge,2018,21,https://www.rottentomatoes.com/m/the_bleeding_edge,https://en.m.wikipedia.org/wiki/The_Bleeding_Edge,250+ Ratings,21 Reviews,83%,Documentary,['Kirby Dick'],"['Amy Herdy', 'Amy Ziering']","['Kirby Dick', 'Amy Ziering']",99,38500000.0
121,Mercury 13 (film),2018,25,https://www.rottentomatoes.com/m/mercury_13,https://en.m.wikipedia.org/wiki/Mercury_13_(film),100+ Ratings,25 Reviews,74%,Documentary,"['David Sington', 'Heather Walsh']","['Trevor Birney', 'Brendan Byrne', 'Geraldine Creed', 'David Sington', 'Heather Walsh']",[],79,328644.0
16,Gabby Giffords Won't Back Down,2022,47,https://www.rottentomatoes.com/m/gabby_giffords_wont_back_down,https://en.m.wikipedia.org/wiki/Gabby_Giffords_Won%27t_Back_Down,Fewer than 50 Verified Ratings,47 Reviews,96%,Documentary,"['Julie Cohen', 'Betsy West']","['Lisa Erspamer', 'Sam Jinishian']",[],97,134098.0
156,Tickling Giants,2016,24,https://www.rottentomatoes.com/m/tickling_giants,https://en.m.wikipedia.org/wiki/Tickling_Giants,250+ Ratings,24 Reviews,91%,Documentary,['Sara Taksler'],"['Maziar Bahari', 'Monica Hampton', 'Sara Taksler']",['Sara Taksler'],111,51500.0
83,"Scream, Queen! My Nightmare on Elm Street",2019,45,https://www.rottentomatoes.com/m/scream_queen_my_nightmare_on_elm_street,"https://en.m.wikipedia.org/wiki/Scream,_Queen!_My_Nightmare_on_Elm_Street",50+ Ratings,45 Reviews,88%,Documentary,"['Roman Chimienti', 'Tyler Jensen']","['Roman Chimienti', 'Mark Patton']",[],99,24897.0
107,Roll Red Roll,2018,35,https://www.rottentomatoes.com/m/roll_red_roll,https://en.m.wikipedia.org/wiki/Roll_Red_Roll,50+ Ratings,35 Reviews,75%,Documentary,['Nancy Schwartzman'],"['Jessica Devaney', 'Steven Lake']",[],80,1315037.0
106,United Skates,2018,20,https://www.rottentomatoes.com/m/united_skates,https://en.m.wikipedia.org/wiki/United_Skates,Fewer than 50 Ratings,20 Reviews,85%,Documentary,"['Dyana Winkler', 'Tina Brown']","['Dyana Winkler', 'Tina Brown']",['Dyana Winkler'],90,1315037.0
105,Sharkwater Extinction,2018,30,https://www.rottentomatoes.com/m/sharkwater_extinction,https://en.m.wikipedia.org/wiki/Sharkwater_Extinction,50+ Ratings,30 Reviews,91%,Documentary,['Rob Stewart'],"['Rob Stewart', 'Sandra Campbell', 'Brian Stewart']",['Rob Stewart'],84,1315037.0
13,Descendant (2022 film),2022,69,https://www.rottentomatoes.com/m/descendant_2022,https://en.m.wikipedia.org/wiki/Descendant_(2022_film),50+ Ratings,69 Reviews,61%,Documentary,['Margaret Brown'],"['Margaret Brown', 'Essie Chambers', 'Kyle Martin']","['Margaret Brown', 'Kern Jackson']",109,434251.0
8,We Feed People,2022,28,https://www.rottentomatoes.com/m/we_feed_people,https://en.m.wikipedia.org/wiki/We_Feed_People,Fewer than 50 Ratings,28 Reviews,91%,Documentary,['Ron Howard'],"['Sara Bernstein', 'Brian Grazer', 'Ron Howard', 'Meredith Kaulfers', 'Walter Matteson', 'Justin Wilkes']",[],87,1100000.0
132,Earth: One Amazing Day,2017,21,https://www.rottentomatoes.com/m/earth_one_amazing_day,https://en.m.wikipedia.org/wiki/Earth:_One_Amazing_Day,100+ Ratings,21 Reviews,84%,Documentary,"['Richard Dale', 'Peter Webber', 'Lixin Fan']",['Stephen McDonogh'],[],95,109000000.0
149,National Bird (film),2016,22,https://www.rottentomatoes.com/m/national_bird,https://en.m.wikipedia.org/wiki/National_Bird_(film),100+ Ratings,22 Reviews,60%,Documentary,['Sonia Kennebeck'],"['Sonia Kennebeck', 'Ines Hofmann Kanna']",[],92,10656.0
12,Aftershock (2022 film),2022,28,https://www.rottentomatoes.com/m/aftershock_2022,https://en.m.wikipedia.org/wiki/Aftershock_(2022_film),Fewer than 50 Ratings,28 Reviews,52%,Documentary,"['Paula Eiselt', 'Tonya Lewis Lee']","['Paula Eiselt', 'Tonya Lewis Lee']",[],86,434251.0
147,Dawson City: Frozen Time,2016,61,https://www.rottentomatoes.com/m/dawson_city_frozen_time,https://en.m.wikipedia.org/wiki/Dawson_City:_Frozen_Time,250+ Ratings,62 Reviews,68%,Documentary,['Bill Morrison'],"['Bill Morrison', 'Madeleine Molyneaux']",['Bill Morrison'],120,111619.0
135,Let It Fall: Los Angeles 1982–1992,2017,23,https://www.rottentomatoes.com/m/let_it_fall_la_1982_1992,https://en.m.wikipedia.org/wiki/Let_It_Fall:_Los_Angeles_1982%E2%80%931992,100+ Ratings,23 Reviews,89%,Documentary,['John Ridley'],"['Jeanmarie Condon', 'John Ridley', 'Fatima Curry']",['John Ridley'],140,109000000.0
152,Sky Ladder: The Art of Cai Guo-Qiang,2016,24,https://www.rottentomatoes.com/m/sky_ladder_the_art_of_cai_guo_qiang_2016,https://en.m.wikipedia.org/wiki/Sky_Ladder:_The_Art_of_Cai_Guo-Qiang,250+ Ratings,24 Reviews,84%,Documentary,['Kevin Macdonald'],"['Wendi Murdoch', 'Hugo Shong', 'Fisher Stevens']",[],76,10656.0
137,Unrest (2017 film),2017,32,https://www.rottentomatoes.com/m/unrest_2017,https://en.m.wikipedia.org/wiki/Unrest_(2017_film),250+ Ratings,32 Reviews,93%,Documentary,['Jennifer Brea'],"['Jennifer Brea', 'Lindsey Dryden', 'Patricia E. Gillespie', 'Alysa Nahmias']","['Jennifer Brea', 'Kim Roberts']",97,109000000.0
144,Chasing Coral,2017,32,https://www.rottentomatoes.com/m/chasing_coral,https://en.m.wikipedia.org/wiki/Chasing_Coral,500+ Ratings,32 Reviews,89%,Documentary,['Jeff Orlowski'],"['Jeff Orlowski', 'Larissa Rhodes']","['Davis Coombe', 'Jeff Orlowski', 'Vickie Curtis']",93,5853.0
143,Strong Island (film),2017,48,https://www.rottentomatoes.com/m/strong_island,https://en.m.wikipedia.org/wiki/Strong_Island_(film),500+ Ratings,48 Reviews,56%,Documentary,['Yance Ford'],"['Yance Ford', 'Joslyn Barnes', 'Esther Robinson']",[],107,5853.0
142,The Work (film),2017,58,https://www.rottentomatoes.com/m/the_work,https://en.m.wikipedia.org/wiki/The_Work_(film),500+ Ratings,58 Reviews,86%,Documentary,"['Jairus McLeary', 'Gethin Aldous']","['Jairus McLeary', 'Alice Henty', 'Eon McLeary', 'Miles McLeary', 'Angela Sostre']",[],87,5853.0
138,Bill Nye: Science Guy,2017,26,https://www.rottentomatoes.com/m/bill_nye_science_guy,https://en.m.wikipedia.org/wiki/Bill_Nye:_Science_Guy,250+ Ratings,26 Reviews,71%,Documentary,"['David Alvarado', 'Jason Sussberg']","['David Alvarado', 'Seth Gordon', 'Kate McLean', 'Nick Pampenella', 'Jason Sussberg']",[],101,109000000.0
139,The Farthest,2017,27,https://www.rottentomatoes.com/m/the_farthest,https://en.m.wikipedia.org/wiki/The_Farthest,250+ Ratings,27 Reviews,93%,Documentary,['Emer Reynolds'],['J. Murray'],['Emer Reynolds'],121,6900.0
155,One More Time with Feeling,2016,26,https://www.rottentomatoes.com/m/one_more_time_with_feeling,https://en.m.wikipedia.org/wiki/One_More_Time_with_Feeling,250+ Ratings,26 Reviews,92%,Documentary,['Andrew Dominik'],"['David Fowler', 'James Wilson']",[],112,1700000.0
145,Long Strange Trip,2017,32,https://www.rottentomatoes.com/m/long_strange_trip_the_untold_story_of_the_grateful_dead,https://en.m.wikipedia.org/wiki/Long_Strange_Trip,"1,000+ Ratings",32 Reviews,90%,Documentary,['Amir Bar-Lev'],"['Ken Dornstein', 'Eric Eisner', 'Nick Koskoff', 'Justin Kreutzmann']",[],238,5853.0
80,Coup 53,2019,45,https://www.rottentomatoes.com/m/coup_53,https://en.m.wikipedia.org/wiki/Coup_53,Fewer than 50 Ratings,45 Reviews,83%,Documentary,['Taghi Amirani'],"['Taghi Amirani', 'Paul Zaentz']",['Taghi Amirani'],118,741515.0
101,5B (film),2018,21,https://www.rottentomatoes.com/m/5b,https://en.m.wikipedia.org/wiki/5B_(film),Fewer than 50 Verified Ratings,21 Reviews,97%,Documentary,"['Dan Krauss', 'Paul Haggis']","['Paul Haggis', 'Rupert Maconick', 'Brett Henenberg', 'Dan Krauss']",['Dan Krauss'],95,1315037.0
28,Not Going Quietly,2021,24,https://www.rottentomatoes.com/m/not_going_quietly,https://en.m.wikipedia.org/wiki/Not_Going_Quietly,Fewer than 50 Ratings,24 Reviews,86%,Documentary,['Nicholas Bruckman'],['Amanda Roddy'],"['Nicholas Bruckman', 'Martha Shane', 'Amanda Roddy', 'Nicholas Bruckman', 'Amanda Roddy']",96,15751.0
170,Trapped (2016 American film),2016,25,https://www.rottentomatoes.com/m/trapped_2016,https://en.m.wikipedia.org/wiki/Trapped_(2016_American_film),100+ Ratings,25 Reviews,74%,Documentary,['Dawn Porter'],"['Dawn Porter', 'Marilyn Ness']","['Sari Gilman', 'Dawn Porter']",81,15200000.0
171,Don't Think I've Forgotten,2015,23,https://www.rottentomatoes.com/m/dont_think_ive_forgotten_cambodias_lost_rock_and_roll_2014,https://en.m.wikipedia.org/wiki/Don%27t_Think_I%27ve_Forgotten,100+ Ratings,23 Reviews,86%,Documentary,['John Pirozzi'],"['John Pirozzi', 'Andrew Pope']",[],105,15200000.0
172,Breaking a Monster,2015,24,https://www.rottentomatoes.com/m/breaking_a_monster,https://en.m.wikipedia.org/wiki/Breaking_a_Monster,250+ Ratings,24 Reviews,58%,Documentary,['Luke Meyer'],"['Molly Smith', 'Thad Luckinbill', 'Trent Luckinbill']","['Luke Meyer', 'Brad Turner']",93,15200000.0
189,Next Goal Wins (2014 film),2014,30,https://www.rottentomatoes.com/m/next_goal_wins,https://en.m.wikipedia.org/wiki/Next_Goal_Wins_(2014_film),500+ Ratings,31 Reviews,89%,Documentary,"['Mike Brett', 'Steve Jamison']","['Mike Brett', 'Kristian Brodie', 'Steve Jamison']",[],96,1030000.0
177,Peace Officer (film),2015,28,https://www.rottentomatoes.com/m/peace_officer,https://en.m.wikipedia.org/wiki/Peace_Officer_(film),250+ Ratings,28 Reviews,85%,Documentary,"['Scott Christopherson', 'Brad Barber']","['Brad Barber', 'Scott Christopherson', 'Dave Lawrence']","['Brad Barber', 'Scott Christopherson', 'Dave Lawrence', 'Renny McCauley']",109,15200000.0
180,Dreamcatcher (2015 film),2015,30,https://www.rottentomatoes.com/m/dreamcatcher_2015,https://en.m.wikipedia.org/wiki/Dreamcatcher_(2015_film),100+ Ratings,31 Reviews,76%,Documentary,['Kim Longinotto'],"['Lisa Stevens', 'Teddy Leifer']",['Lisa Stevens'],98,30407.0
162,My Journey Through French Cinema,2016,42,https://www.rottentomatoes.com/m/my_journey_through_french_cinema,https://en.m.wikipedia.org/wiki/My_Journey_Through_French_Cinema,250+ Ratings,43 Reviews,60%,Documentary,['Bertrand Tavernier'],[],['Bertrand Tavernier'],195,51500.0
184,Virunga (film),2014,22,https://www.rottentomatoes.com/m/virunga,https://en.m.wikipedia.org/wiki/Virunga_(film),"1,000+ Ratings",22 Reviews,92%,Documentary,['Orlando von Einsiedel'],"['Joanna Natasegara', 'Orlando von Einsiedel']",['Orlando von Einsiedel'],90,30407.0
186,Stray Dog (2014 film),2014,32,https://www.rottentomatoes.com/m/stray_dog_2015,https://en.m.wikipedia.org/wiki/Stray_Dog_(2014_film),250+ Ratings,32 Reviews,64%,Documentary,['Debra Granik'],"['Anne Rosellini', 'Victoria Stewart']",['Debra Granik'],98,30407.0
175,Sonita (film),2015,24,https://www.rottentomatoes.com/m/sonita_2015,https://en.m.wikipedia.org/wiki/Sonita_(film),50+ Ratings,24 Reviews,76%,Documentary,['Rokhsareh Ghaemmaghami'],"['Gerd Haag', 'Aline Schmid', 'Kerstin Krieg']",[],90,15200000.0
208,Everything or Nothing (film),2012,25,https://www.rottentomatoes.com/m/everything_or_nothing_2012,https://en.m.wikipedia.org/wiki/Everything_or_Nothing_(film),500+ Ratings,25 Reviews,87%,Documentary,['Stevan Riley'],"['John Battsek', 'Simon Chinn']",[],98,521181.0
250,Twist of Faith,2004,20,https://www.rottentomatoes.com/m/twist_of_faith,https://en.m.wikipedia.org/wiki/Twist_of_Faith,500+ Ratings,20 Reviews,81%,Documentary,['Kirby Dick'],['Eddie Schmidt'],[],87,4779.0
210,La Camioneta,2012,23,https://www.rottentomatoes.com/m/la_camioneta_the_journey_of_one_american_school_bus,https://en.m.wikipedia.org/wiki/La_Camioneta,100+ Ratings,23 Reviews,76%,Documentary,['Mark Kendall'],"['Rafael Gonzalez', 'Mark Kendall']",[],72,521181.0
248,Street Fight (film),2005,23,https://www.rottentomatoes.com/m/10006588_street_fight?,https://en.m.wikipedia.org/wiki/Street_Fight_(film),"2,500+ Ratings",23 Reviews,93%,Documentary,['Marshall Curry'],['Marshall Curry'],['Marshall Curry'],86,4779.0
185,Democrats (film),2014,23,https://www.rottentomatoes.com/m/democrats,https://en.m.wikipedia.org/wiki/Democrats_(film),100+ Ratings,23 Reviews,68%,Documentary,['Camilla Nielsson'],"['Henrik Veileborg', 'Dola Bonfils']",['Camilla Nielsson'],100,30407.0
161,Starless Dreams,2016,20,https://www.rottentomatoes.com/m/starless_dreams,https://en.m.wikipedia.org/wiki/Starless_Dreams,50+ Ratings,21 Reviews,78%,Documentary,['Mehrdad Oskouei'],['Mehrdad Oskouei'],['Mehrdad Oskouei'],76,51500.0
207,Fifi Howls from Happiness,2012,21,https://www.rottentomatoes.com/m/fifi_howls_from_happiness,https://en.m.wikipedia.org/wiki/Fifi_Howls_from_Happiness,100+ Ratings,21 Reviews,84%,Documentary,['Mitra Farahani'],['Marjaneh Moghimi'],['Mitra Farahani'],97,521181.0
168,For the Love of Spock,2016,31,https://www.rottentomatoes.com/m/for_the_love_of_spock,https://en.m.wikipedia.org/wiki/For_the_Love_of_Spock,"1,000+ Ratings",31 Reviews,82%,Documentary,['Adam Nimoy'],"['Joseph Kornbrodt', 'Kevin Layne', 'David Zappone', 'Adam Nimoy']",[],100,15200000.0
27,The Janes,2021,66,https://www.rottentomatoes.com/m/the_janes,https://en.m.wikipedia.org/wiki/The_Janes,Fewer than 50 Ratings,66 Reviews,71%,Documentary,"['Tia Lessin', 'Emma Pildes']","['Emma Pildes', 'Jessica Levin', 'Daniel Arcana']",[],101,15751.0
192,Tales of the Grim Sleeper,2014,39,https://www.rottentomatoes.com/m/tales_of_the_grim_sleeper,https://en.m.wikipedia.org/wiki/Tales_of_the_Grim_Sleeper,500+ Ratings,39 Reviews,77%,Documentary,['Nick Broomfield'],['Marc Hoeferlin'],[],105,34017.0
193,Seymour: An Introduction (film),2014,68,https://www.rottentomatoes.com/m/seymour_an_introduction,https://en.m.wikipedia.org/wiki/Seymour:_An_Introduction_(film),"5,000+ Ratings",68 Reviews,79%,Documentary,['Ethan Hawke'],"['Greg Loser', 'Heather Smith', 'Ryan Hawke']",[],81,743541.0
167,Bright Lights: Starring Carrie Fisher and Debbie Reynolds,2016,57,https://www.rottentomatoes.com/m/bright_lights_starring_carrie_fisher_and_debbie_reynolds,https://en.m.wikipedia.org/wiki/Bright_Lights:_Starring_Carrie_Fisher_and_Debbie_Reynolds,500+ Ratings,57 Reviews,86%,Documentary,"['Alexis Bloom', 'Fisher Stevens']","['Alexis Bloom', 'Todd Fisher', 'Julie Nives']",[],95,15200000.0
200,God Loves Uganda,2013,29,https://www.rottentomatoes.com/m/god_loves_uganda_2013,https://en.m.wikipedia.org/wiki/God_Loves_Uganda,"2,500+ Ratings",29 Reviews,77%,Documentary,['Roger Ross Williams'],"['Julie Goldman', 'Roger Ross Williams']","['Roger Ross Williams', 'Benjamin Gray', 'Richard Hankin']",90,743541.0
197,Maidan (2014 film),2014,27,https://www.rottentomatoes.com/m/maidan,https://en.m.wikipedia.org/wiki/Maidan_(2014_film),100+ Ratings,27 Reviews,53%,Documentary,['Sergei Loznitsa'],"['Sergei Loznitsa', 'Maria Baker-Choustova']",['Sergei Loznitsa'],131,743541.0
163,California Typewriter,2016,40,https://www.rottentomatoes.com/m/california_typewriter_2017,https://en.m.wikipedia.org/wiki/California_Typewriter,250+ Ratings,40 Reviews,83%,Documentary,['Doug Nichol'],"['John Benet', 'Doug Nichol', 'Nion McEvoy']",[],103,218563.0
199,Rewind This!,2013,21,https://www.rottentomatoes.com/m/rewind_this,https://en.m.wikipedia.org/wiki/Rewind_This!,250+ Ratings,21 Reviews,74%,Documentary,['Josh Johnson'],"['Midori Inoue', 'Carolee Mitchell']",[],94,743541.0
205,The Square (2013 film),2013,70,https://www.rottentomatoes.com/m/the_square_2013,https://en.m.wikipedia.org/wiki/The_Square_(2013_film),"5,000+ Ratings",70 Reviews,90%,Documentary,['Jehane Noujaim'],['Karim Amer'],[],104,124244.0
206,Sound City (film),2013,46,https://www.rottentomatoes.com/m/sound_city,https://en.m.wikipedia.org/wiki/Sound_City_(film),"5,000+ Ratings",46 Reviews,90%,Documentary,['Dave Grohl'],"['Dave Grohl', 'John Ramsay', 'James A. Rota']",['Mark Monroe'],108,521181.0
194,Glen Campbell: I'll Be Me,2014,33,https://www.rottentomatoes.com/m/glen_campbell_ill_be_me,https://en.m.wikipedia.org/wiki/Glen_Campbell:_I%27ll_Be_Me,"2,500+ Ratings",33 Reviews,89%,Documentary,['James Keach'],"['Trevor Albert', 'James Keach', 'Kayla Thornton']",[],105,743541.0
190,Night Will Fall,2014,24,https://www.rottentomatoes.com/m/night_will_fall,https://en.m.wikipedia.org/wiki/Night_Will_Fall,500+ Ratings,24 Reviews,93%,Documentary,['André Singer'],"['Sally Angel', 'Brett Ratner']",['Lynette Singer'],75,1030000.0
179,"3 1/2 Minutes, 10 Bullets",2015,50,https://www.rottentomatoes.com/m/3_and_12_minutes_10_bullets,"https://en.m.wikipedia.org/wiki/3_1/2_Minutes,_10_Bullets",500+ Ratings,50 Reviews,86%,Documentary,['Marc Silver'],"['Carolyn Hepburn', 'Minette Nelson']",['Marc Silver'],98,30407.0
187,Pervert Park,2014,20,https://www.rottentomatoes.com/m/pervert_park,https://en.m.wikipedia.org/wiki/Pervert_Park,100+ Ratings,21 Reviews,75%,Documentary,"['Frida Barkfors', 'Lasse Barkfors']","['Frida Barkfors', 'Anne Köhncke']","['Frida Barkfors', 'Lasse Barkfors']",77,30407.0
201,Cultural depictions of Matthew Shepard,2013,30,https://www.rottentomatoes.com/m/matt_shepard_is_a_friend_of_mine,https://en.m.wikipedia.org/wiki/Cultural_depictions_of_Matthew_Shepard#Matt_Shepard_Is_a_Friend_of_Mine_(2012),500+ Ratings,30 Reviews,86%,Documentary,['Michele Josue'],"['Michele Josue', 'Liam McNiff']",['Michele Josue'],89,743541.0
255,My Voyage to Italy,1999,20,https://www.rottentomatoes.com/m/my_voyage_to_italy,https://en.m.wikipedia.org/wiki/My_Voyage_to_Italy,"2,500+ Ratings",20 Reviews,87%,Documentary,['Martin Scorsese'],"['Barbara De Fina', 'Giuliana Del Punta', 'Bruno Restuccia']",[],246,512000000.0
176,The Hard Stop,2015,25,https://www.rottentomatoes.com/m/the_hard_stop,https://en.m.wikipedia.org/wiki/The_Hard_Stop,50+ Ratings,25 Reviews,71%,Documentary,['George Amponsah'],"['George Amponsah', 'Dionne Walker']","['George Amponsah', 'Dionne Walker']",85,15200000.0
278,Roger &amp; Me,1989,31,https://www.rottentomatoes.com/m/roger_and_me,https://en.m.wikipedia.org/wiki/Roger_%26_Me,"10,000+ Ratings",31 Reviews,79%,Documentary,['Michael Moore'],['Michael Moore'],[],91,7700000.0
224,Thunder Soul (film),2010,29,https://www.rottentomatoes.com/m/thunder_soul,https://en.m.wikipedia.org/wiki/Thunder_Soul_(film),500+ Ratings,29 Reviews,85%,Documentary,['Mark Landsman'],"['Keith Calder', 'Mark Landsman', 'Jessica Calder']",[],88,143986.0
225,Nostalgia for the Light,2010,48,https://www.rottentomatoes.com/m/nostalgia_for_the_light,https://en.m.wikipedia.org/wiki/Nostalgia_for_the_Light,"2,500+ Ratings",48 Reviews,84%,Documentary,['Patricio Guzmán'],"['Meike Martens', 'Renate Sachse']",['Patricio Guzmán'],90,156928.0
226,Waste Land (film),2010,71,https://www.rottentomatoes.com/m/waste_land,https://en.m.wikipedia.org/wiki/Waste_Land_(film),"5,000+ Ratings",71 Reviews,90%,Documentary,"['Lucy Walker', 'Karen Harley', 'João Jardim']",['Angus Aynsley'],[],98,156928.0
227,Enemies of the People (film),2010,33,https://www.rottentomatoes.com/m/enemies_of_the_people?,https://en.m.wikipedia.org/wiki/Enemies_of_the_People_(film),500+ Ratings,33 Reviews,85%,Documentary,"['Rob Lemkin', 'Thet Sambath']","['Rob Lemkin', 'Thet Sambath']",['Rob Lemkin'],93,156928.0
228,Henri-Georges Clouzot's Inferno,2009,32,https://www.rottentomatoes.com/m/lenfer_dhenrigeorges_clouzot?,https://en.m.wikipedia.org/wiki/Henri-Georges_Clouzot%27s_Inferno,500+ Ratings,31 Reviews,82%,Documentary,"['Serge Bromberg', 'Ruxandra Medrea']",['Serge Bromberg'],['Serge Bromberg'],102,156928.0
229,Racing Dreams,2009,27,https://www.rottentomatoes.com/m/racing_dream,https://en.m.wikipedia.org/wiki/Racing_Dreams,"1,000+ Ratings",27 Reviews,93%,Documentary,['Marshall Curry'],"['Bristol Baughan', 'Marshall Curry']",['Marshall Curry'],97,65082.0
223,Louder Than a Bomb (film),2010,26,https://www.rottentomatoes.com/m/louder_than_a_bomb_2010,https://en.m.wikipedia.org/wiki/Louder_Than_a_Bomb_(film),"1,000+ Ratings",26 Reviews,81%,Documentary,"['Greg Jacobs', 'Jon Siskel']","['Greg Jacobs', 'Jon Siskel']",[],100,2200000.0
236,Man on Wire,2008,159,https://www.rottentomatoes.com/m/man_on_wire,https://en.m.wikipedia.org/wiki/Man_on_Wire,"25,000+ Ratings",159 Reviews,87%,Documentary,['James Marsh'],['Simon Chinn'],[],90,5300000.0
238,The Order of Myths,2008,32,https://www.rottentomatoes.com/m/the_order_of_myths,https://en.m.wikipedia.org/wiki/The_Order_of_Myths,500+ Ratings,33 Reviews,71%,Documentary,['Margaret Brown'],['Sara Alize Cross'],['Margaret Brown'],97,5300000.0
269,Incident at Oglala,1992,21,https://www.rottentomatoes.com/m/incident_at_oglala?,https://en.m.wikipedia.org/wiki/Incident_at_Oglala,500+ Ratings,21 Reviews,84%,Documentary,['Michael Apted'],[],[],89,536848.0
160,Chicken People,2016,20,https://www.rottentomatoes.com/m/chicken_people,https://en.m.wikipedia.org/wiki/Chicken_People,250+ Ratings,20 Reviews,64%,Documentary,['Nicole Lucas Haimes'],"['Christopher Clements', 'Julie Goldman', 'Caroline Kaplan', 'Terry Leonard']",[],83,51500.0
425,Nanook of the North,1922,33,https://www.rottentomatoes.com/m/nanook_of_the_north,https://en.m.wikipedia.org/wiki/Nanook_of_the_North,"2,500+ Ratings",34 Reviews,80%,Documentary,['Robert J. Flaherty'],['Robert J. Flaherty'],['Robert J. Flaherty'],79,680406.0
158,Off the Rails (2016 film),2016,24,https://www.rottentomatoes.com/m/off_the_rails_2016,https://en.m.wikipedia.org/wiki/Off_the_Rails_(2016_film),100+ Ratings,24 Reviews,85%,Documentary,['Adam Irving'],"['Adam Irving', 'Glen Zipper']","['Tchavdar Georgiev', 'Adam Irving']",86,51500.0
77,Queer Japan,2019,24,https://www.rottentomatoes.com/m/queer_japan,https://en.m.wikipedia.org/wiki/Queer_Japan,Fewer than 50 Ratings,24 Reviews,80%,Documentary,['Graham Kolbeins'],['Hiromi Iida'],['Graham Kolbeins'],99,741515.0
237,Pray the Devil Back to Hell,2008,36,https://www.rottentomatoes.com/m/pray_the_devil_back_to_hell,https://en.m.wikipedia.org/wiki/Pray_the_Devil_Back_to_Hell,"1,000+ Ratings",36 Reviews,86%,Documentary,['Gini Reticker'],['Abigail Disney'],[],72,5300000.0
222,Into Eternity (film),2010,27,https://www.rottentomatoes.com/m/into_eternity_2010,https://en.m.wikipedia.org/wiki/Into_Eternity_(film),"1,000+ Ratings",27 Reviews,80%,Documentary,['Michael Madsen'],['Lise Lense-Møller'],['Michael Madsen'],75,2200000.0
209,More than Honey,2012,41,https://www.rottentomatoes.com/m/more_than_honey,https://en.m.wikipedia.org/wiki/More_than_Honey,"1,000+ Ratings",41 Reviews,79%,Documentary,['Markus Imhoof'],[],[],95,521181.0
216,Sholem Aleichem: Laughing in the Darkness,2011,43,https://www.rottentomatoes.com/m/sholem_aleichem_laughing_in_the_darkness_2011,https://en.m.wikipedia.org/wiki/Sholem_Aleichem:_Laughing_in_the_Darkness,500+ Ratings,43 Reviews,68%,Documentary,['Joseph Dorman'],[],['Joseph Dorman'],93,40634.0
220,Everyday Sunshine: The Story of Fishbone,2011,48,https://www.rottentomatoes.com/m/everyday_sunshine_the_story_of_fishbone_2011,https://en.m.wikipedia.org/wiki/Everyday_Sunshine:_The_Story_of_Fishbone,"1,000+ Ratings",48 Reviews,85%,Documentary,"['Lev Anderson', 'Chris Metzler']","['Lev Anderson', 'Chris Metzler']","['Lev Anderson', 'Chris Metzler']",107,2200000.0
247,I for India,2005,22,https://www.rottentomatoes.com/m/10006491,https://en.m.wikipedia.org/wiki/I_for_India,500+ Ratings,22 Reviews,93%,Documentary,['Sandhya Suri'],"['Carlo Cresto-Dina', 'Kai Kuennemann', 'Thomas Kufus']",[],70,3692417.0
284,Shoah (film),1985,37,https://www.rottentomatoes.com/m/shoah,https://en.m.wikipedia.org/wiki/Shoah_(film),"1,000+ Ratings",37 Reviews,97%,Documentary,['Claude Lanzmann'],[],['Claude Lanzmann'],561,20175.0
303,"Harlan County, USA",1976,20,https://www.rottentomatoes.com/m/harlan_county_usa,"https://en.m.wikipedia.org/wiki/Harlan_County,_USA","2,500+ Ratings",21 Reviews,92%,Documentary,['Barbara Kopple'],['Barbara Kopple'],[],103,14300000.0
308,Winter Soldier (film),1972,21,https://www.rottentomatoes.com/m/winter_soldier_1972/,https://en.m.wikipedia.org/wiki/Winter_Soldier_(film),250+ Ratings,21 Reviews,96%,Documentary,[],"['Fred Aronow', 'Nancy Baker', 'Rhetta Barron', 'Robert Fiore', 'David Grubin', 'Barbara Jarvis', 'Barbara Kopple', 'Michael Lesser', 'Nancy Miller', 'Lucy Massie Phenix']",[],95,18300000.0
312,Woodstock (film),1970,25,https://www.rottentomatoes.com/m/woodstock_3_days_of_peace_and_music/,https://en.m.wikipedia.org/wiki/Woodstock_(film),"5,000+ Ratings",26 Reviews,92%,Documentary,['Michael Wadleigh'],[],[],184,50000000.0
315,The Sorrow and the Pity,1969,29,https://www.rottentomatoes.com/m/the_sorrow_and_the_pity_1970/,https://en.m.wikipedia.org/wiki/The_Sorrow_and_the_Pity,"1,000+ Ratings",29 Reviews,97%,Documentary,['Marcel Ophüls'],"['André Harris', 'Alain de Sedouy']","['André Harris', 'Marcel Ophüls']",259,10840.0
295,The Decline of Western Civilization,1981,40,https://www.rottentomatoes.com/m/the_decline_of_western_civilization_1988,https://en.m.wikipedia.org/wiki/The_Decline_of_Western_Civilization,"2,500+ Ratings",40 Reviews,84%,Documentary,['Penelope Spheeris'],['Penelope Spheeris'],['Penelope Spheeris'],100,6700000.0
329,The Endless Summer,1966,23,https://www.rottentomatoes.com/m/endless_summer/,https://en.m.wikipedia.org/wiki/The_Endless_Summer,"5,000+ Ratings",23 Reviews,91%,Documentary,['Bruce Brown'],['Bruce Brown'],['Bruce Brown'],92,20000000.0
290,Stop Making Sense,1984,41,https://www.rottentomatoes.com/m/stop_making_sense,https://en.m.wikipedia.org/wiki/Stop_Making_Sense,"5,000+ Ratings",40 Reviews,97%,Documentary,['Jonathan Demme'],['Gary Goetzman'],[],88,5100000.0
244,Deliver Us from Evil (2006 film),2006,72,https://www.rottentomatoes.com/m/deliver_us_from_evil,https://en.m.wikipedia.org/wiki/Deliver_Us_from_Evil_(2006_film),"10,000+ Ratings",72 Reviews,89%,Documentary,['Amy Berg'],"['Amy Berg', 'Hermas Lassalle', 'Frank Donner']",['Amy Berg'],103,327205.0
211,The Waiting Room (2012 film),2012,34,https://www.rottentomatoes.com/m/the_waiting_room_2012,https://en.m.wikipedia.org/wiki/The_Waiting_Room_(2012_film),"1,000+ Ratings",34 Reviews,76%,Documentary,['Peter Nicks'],"['Peter Nicks', 'Linda Davis', 'William B. Hirsch']",[],81,244092.0
318,Portrait of Jason,1967,27,https://www.rottentomatoes.com/m/portrait_of_jason/,https://en.m.wikipedia.org/wiki/Portrait_of_Jason,250+ Ratings,27 Reviews,78%,Documentary,['Shirley Clarke'],[],[],105,10840.0
214,Hell and Back Again,2011,31,https://www.rottentomatoes.com/m/hell_and_back_again,https://en.m.wikipedia.org/wiki/Hell_and_Back_Again,"2,500+ Ratings",31 Reviews,69%,Documentary,['Danfung Dennis'],"['Danfung Dennis', 'Martin Herring']",[],88,40634.0
424,The Last Laugh (1924 film),1924,32,https://www.rottentomatoes.com/m/the_last_laugh,https://en.m.wikipedia.org/wiki/The_Last_Laugh_(1924_film),"2,500+ Ratings",32 Reviews,88%,Drama,['F.W. Murnau'],['Erich Pommer'],['Carl Mayer'],73,680406.0
183,The Circle (2014 film),2014,24,https://www.rottentomatoes.com/m/der_kreis,https://en.m.wikipedia.org/wiki/The_Circle_(2014_film),250+ Ratings,24 Reviews,77%,Drama,['Stefan Haupt'],[],"['Stefan Haupt', 'Urs Frey']",102,30407.0
270,Rebels of the Neon God,1992,34,https://www.rottentomatoes.com/m/rebels_of_the_neon_god,https://en.m.wikipedia.org/wiki/Rebels_of_the_Neon_God,500+ Ratings,34 Reviews,77%,Drama,['Ming-liang Tsai'],['Feng-chyi Jian'],['Ming-liang Tsai'],106,536848.0
198,Gloria (2013 film),2013,129,https://www.rottentomatoes.com/m/gloria_2012,https://en.m.wikipedia.org/wiki/Gloria_(2013_film),"10,000+ Ratings",129 Reviews,65%,Drama,['Sebastián Lelio'],"['Juan de Dios Larraín', 'Pablo Larraín', 'Luis Collar', 'Gonzalo Maza']","['Sebastián Lelio', 'Gonzalo Maza']",109,743541.0
129,En el séptimo día,2017,31,https://www.rottentomatoes.com/m/on_the_seventh_day,https://en.m.wikipedia.org/wiki/En_el_s%C3%A9ptimo_d%C3%ADa,50+ Ratings,31 Reviews,62%,Drama,['Jim McKay'],"['Alex Bach', 'Lindsey Cordero', 'Caroline Kaplan', 'Jim McKay', 'Michael Stipe']",['Jim McKay'],97,79887.0
195,Gett: The Trial of Viviane Amsalem,2014,80,https://www.rottentomatoes.com/m/gett_the_trial_of_viviane_amsalem,https://en.m.wikipedia.org/wiki/Gett:_The_Trial_of_Viviane_Amsalem,"2,500+ Ratings",80 Reviews,81%,Drama,"['Ronit Elkabetz', 'Shlomi Elkabetz']","['Rémi Burah', 'Denis Carot', 'Michael Eckelt', 'Shlomi Elkabetz', 'Marie Masmonteil']","['Ronit Elkabetz', 'Shlomi Elkabetz']",115,743541.0
130,Summer 1993,2017,97,https://www.rottentomatoes.com/m/summer_1993,https://en.m.wikipedia.org/wiki/Summer_1993,500+ Ratings,97 Reviews,83%,Drama,['Carla Simón'],['Valérie Delpierre'],['Carla Simón'],98,1900000.0
94,South Mountain (film),2019,25,https://www.rottentomatoes.com/m/south_mountain,https://en.m.wikipedia.org/wiki/South_Mountain_(film),Fewer than 50 Ratings,25 Reviews,40%,Drama,['Hilary Brougher'],"['Maria Rosenblum', 'Kristin Frost', 'Susan A. Stover']",['Hilary Brougher'],82,57188.0
213,The Snows of Kilimanjaro (2011 film),2011,20,https://www.rottentomatoes.com/m/the_snows_of_kilimanjaro,https://en.m.wikipedia.org/wiki/The_Snows_of_Kilimanjaro_(2011_film),500+ Ratings,20 Reviews,74%,Drama,['Robert Guédiguian'],[],"['Jean-Louis Milesi', 'Robert Guédiguian']",107,4200000.0
96,The Load,2019,27,https://www.rottentomatoes.com/m/the_load,https://en.m.wikipedia.org/wiki/The_Load,Fewer than 50 Ratings,27 Reviews,72%,Drama,['Ognjen Glavonic'],"['Sophie Erbs', 'Ognjen Glavonic', 'Dragana Jovovic', 'Stefan Ivancic']",['Ognjen Glavonic'],98,28410.0
122,Leave No Trace (film),2018,251,https://www.rottentomatoes.com/m/leave_no_trace,https://en.m.wikipedia.org/wiki/Leave_No_Trace_(film),"5,000+ Ratings",251 Reviews,80%,Drama,['Debra Granik'],"['Anne Harrison', 'Linda Reisman', 'Anne Rosellini']","['Debra Granik', 'Anne Rosellini']",108,7700000.0
219,Poetry (film),2011,72,https://www.rottentomatoes.com/m/poetry_2010,https://en.m.wikipedia.org/wiki/Poetry_(film),"5,000+ Ratings",72 Reviews,86%,Drama,['Lee Chang-dong'],['Lee Jun-dong'],['Lee Chang-dong'],139,2200000.0
282,Vagabond (1985 film),1985,22,https://www.rottentomatoes.com/m/vagabond,https://en.m.wikipedia.org/wiki/Vagabond_(1985_film),"1,000+ Ratings",23 Reviews,85%,Drama,['Agnès Varda'],['Oury Milshtein'],['Agnès Varda'],105,8100000.0
110,The Spy Gone North,2018,21,https://www.rottentomatoes.com/m/the_spy_gone_north,https://en.m.wikipedia.org/wiki/The_Spy_Gone_North,100+ Ratings,21 Reviews,94%,Drama,['Yoon Jong-bin'],['Su-Ran Kuk'],"['Yoon Jong-bin', 'Kwon Seong-hwi']",141,38500000.0
165,Harmonium (film),2016,39,https://www.rottentomatoes.com/m/harmonium,https://en.m.wikipedia.org/wiki/Harmonium_(film),100+ Ratings,39 Reviews,76%,Drama,['Koji Fukada'],"['Masa Sawada', 'Hiroshi Niimura']",['Koji Fukada'],118,2021735.0
68,Rialto (film),2019,22,https://www.rottentomatoes.com/m/rialto,https://en.m.wikipedia.org/wiki/Rialto_(film),Fewer than 50 Ratings,22 Reviews,50%,Drama,['Peter Mackie Burns'],"['Alan Maher', 'Tristan Goligher', 'John Wallace', 'Valentina Brazzini']","[""Mark O'Halloran""]",86,942937.0
296,Babylon (1980 film),1980,30,https://www.rottentomatoes.com/m/babylon,https://en.m.wikipedia.org/wiki/Babylon_(1980_film),100+ Ratings,30 Reviews,45%,Drama,['Franco Rosso'],[],"['Franco Rosso', 'Martin Stellman']",95,6700000.0
287,Threads (1984 film),1984,10,https://www.rottentomatoes.com/m/threads,https://en.m.wikipedia.org/wiki/Threads_(1984_film),"2,500+ Ratings",10 Reviews,92%,Drama,['Mick Jackson'],[],['Barry Hines'],110,21000000.0
286,A Room with a View (1985 film),1985,35,https://www.rottentomatoes.com/m/a_room_with_a_view_1985,https://en.m.wikipedia.org/wiki/A_Room_with_a_View_(1985_film),"25,000+ Ratings",35 Reviews,85%,Drama,['James Ivory'],['Ismail Merchant'],"['E.M. Forster', 'Ruth Prawer Jhabvala']",115,21000000.0
276,The Juniper Tree (film),1990,20,https://www.rottentomatoes.com/m/the-juniper-tree,https://en.m.wikipedia.org/wiki/The_Juniper_Tree_(film),500+ Ratings,20 Reviews,61%,Drama,['Nietzchka Keene'],"['Nietzchka Keene', 'Patrick Moyroud']",[],80,6300000.0
294,Fanny and Alexander,1982,41,https://www.rottentomatoes.com/m/fanny_and_alexander,https://en.m.wikipedia.org/wiki/Fanny_and_Alexander,"10,000+ Ratings",45 Reviews,94%,Drama,['Ingmar Bergman'],"['Jörn Donner', 'Daniel Toscan du Plantier']",['Ingmar Bergman'],188,6700000.0
54,"Quo Vadis, Aida?",2020,78,https://www.rottentomatoes.com/m/quo_vadis_aida,"https://en.m.wikipedia.org/wiki/Quo_Vadis,_Aida%3F",100+ Ratings,78 Reviews,90%,Drama,['Jasmila Zbanic'],"['Damir Ibrahimovich', 'Jasmila Zbanic']",['Jasmila Zbanic'],102,573005.0
275,La Belle Noiseuse,1991,29,https://www.rottentomatoes.com/m/la_belle_noiseuse,https://en.m.wikipedia.org/wiki/La_Belle_Noiseuse,500+ Ratings,28 Reviews,82%,Drama,['Jacques Rivette'],[],[],238,6300000.0
92,Mickey and the Bear,2019,45,https://www.rottentomatoes.com/m/mickey_and_the_bear,https://en.m.wikipedia.org/wiki/Mickey_and_the_Bear,50+ Ratings,45 Reviews,74%,Drama,['Annabelle Attanasio'],"['Anja Murmann', 'Sabine Schenk', 'Lizzie Shapiro', 'Taylor Shung']",['Annabelle Attanasio'],88,57188.0
52,Sophie Jones (film),2020,20,https://www.rottentomatoes.com/m/sophie_jones,https://en.m.wikipedia.org/wiki/Sophie_Jones_(film),Fewer than 50 Ratings,20 Reviews,71%,Drama,['Jessie Barr'],"['Jessica Barr', 'Jessie Barr', 'Joe Dinnen', 'Lindsay Guerrero']","['Jessica Barr', 'Jessie Barr']",85,573005.0
221,Temple Grandin (film),2010,30,https://www.rottentomatoes.com/m/temple_grandin,https://en.m.wikipedia.org/wiki/Temple_Grandin_(film),"5,000+ Ratings",30 Reviews,94%,Drama,['Mick Jackson'],['Scott Ferguson'],"['Christopher Monger', 'Christopher Monger', 'Merritt Johnson']",110,2200000.0
182,"Christmas, Again",2014,20,https://www.rottentomatoes.com/m/christmas_again,"https://en.m.wikipedia.org/wiki/Christmas,_Again",100+ Ratings,20 Reviews,72%,Drama,['Charles Poekel'],['Charles Poekel'],['Charles Poekel'],80,30407.0
330,Woman in the Dunes,1964,31,https://www.rottentomatoes.com/m/woman_in_the_dunes/,https://en.m.wikipedia.org/wiki/Woman_in_the_Dunes,"5,000+ Ratings",32 Reviews,93%,Drama,['Hiroshi Teshigahara'],"['Kiichi Ichikawa', 'Tadashi Oono']",['Kobo Abe'],125,20000000.0
86,Chained for Life (2019 film),2019,52,https://www.rottentomatoes.com/m/chained_for_life_2018,https://en.m.wikipedia.org/wiki/Chained_for_Life_(2019_film),Fewer than 50 Ratings,53 Reviews,54%,Drama,['Aaron Schimberg'],"['Daniel Patrick Carbone', 'Vanessa McDonnell', 'Matthew Petock', 'Jane Schoenbrun', 'Zachary Shedd']",['Aaron Schimberg'],91,17431.0
6,No Bears,2022,98,https://www.rottentomatoes.com/m/no_bears,https://en.m.wikipedia.org/wiki/No_Bears,Fewer than 50 Ratings,98 Reviews,89%,Drama,['Jafar Panahi'],['Jafar Panahi'],['Jafar Panahi'],107,1100000.0
331,I Am Cuba,1964,36,https://www.rottentomatoes.com/m/i_am_cuba/,https://en.m.wikipedia.org/wiki/I_Am_Cuba,"2,500+ Ratings",36 Reviews,92%,Drama,['Mikhail Kalatozov'],[],[],141,20000000.0
316,Kes (film),1969,32,https://www.rottentomatoes.com/m/kes/,https://en.m.wikipedia.org/wiki/Kes_(film),"5,000+ Ratings",32 Reviews,91%,Drama,['Ken Loach'],['Tony Garnett'],['Barry Hines'],109,10840.0
317,The Swimmer (film),1968,24,https://www.rottentomatoes.com/m/swimmer/,https://en.m.wikipedia.org/wiki/The_Swimmer_(film),"2,500+ Ratings",25 Reviews,83%,Drama,"['Frank Perry', 'Sydney Pollack']","['Roger H. Lewis', 'Frank Perry']",['John Cheever'],94,10840.0
319,Cool Hand Luke,1967,53,https://www.rottentomatoes.com/m/cool_hand_luke/,https://en.m.wikipedia.org/wiki/Cool_Hand_Luke,"50,000+ Ratings",52 Reviews,95%,Drama,['Stuart Rosenberg'],['Gordon Carroll'],"['Frank Pierson', 'Donn Pearce', 'Donn Pearce']",129,16200000.0
235,Still Walking (film),2008,64,https://www.rottentomatoes.com/m/1216014-still_walking,https://en.m.wikipedia.org/wiki/Still_Walking_(film),"2,500+ Ratings",64 Reviews,90%,Drama,['Hirokazu Koreeda'],"['Yoshihiro Kato', 'Satoshi Kono', 'Hijiri Taguchi', 'Masahiro Yasuda']",['Hirokazu Koreeda'],114,3260000.0
17,East of the Mountains (film),2021,28,https://www.rottentomatoes.com/m/east_of_the_mountains,https://en.m.wikipedia.org/wiki/East_of_the_Mountains_(film),Fewer than 50 Ratings,28 Reviews,56%,Drama,['S.J. Chiro'],"['Jane Charles', 'Mischa Jakupcak', 'Lynn Hubbard']",['Thane Swigart'],93,134098.0
383,National Velvet (film),1944,28,https://www.rottentomatoes.com/m/national_velvet/,https://en.m.wikipedia.org/wiki/National_Velvet_(film),"5,000+ Ratings",28 Reviews,78%,Drama,['Clarence Brown'],['Pandro S. Berman'],[],125,5840000.0
381,"Rome, Open City",1945,47,https://www.rottentomatoes.com/m/open_city,"https://en.m.wikipedia.org/wiki/Rome,_Open_City","5,000+ Ratings",47 Reviews,92%,Drama,['Roberto Rossellini'],"['Ferrucio DeMartino', 'Roberto Rossellini']","['Sergio Amidei', 'Alberto Consiglio', 'Sergio Amidei', 'Federico Fellini', 'Roberto Rossellini']",105,1000000.0
25,Playground (2021 film),2021,63,https://www.rottentomatoes.com/m/playground_2021,https://en.m.wikipedia.org/wiki/Playground_(2021_film),Fewer than 50 Ratings,63 Reviews,81%,Drama,['Laura Wandel'],['Stéphane Lhoest'],['Laura Wandel'],72,15751.0
40,Paper Spiders,2021,43,https://www.rottentomatoes.com/m/paper_spiders,https://en.m.wikipedia.org/wiki/Paper_Spiders,100+ Ratings,43 Reviews,95%,Drama,['Inon Shampanier'],"['Ash Christian', 'Anne Clements']",['Natalie Shampanier'],110,14280.0
417,Un Chien Andalou,1929,23,https://www.rottentomatoes.com/m/un_chien_andalou,https://en.m.wikipedia.org/wiki/Un_Chien_Andalou,"10,000+ Ratings",24 Reviews,85%,Drama,['Luis Buñuel'],['Luis Buñuel'],"['Luis Buñuel', 'Salvador Dalí']",16,557000.0
43,Slalom (2020 film),2020,61,https://www.rottentomatoes.com/m/slalom,https://en.m.wikipedia.org/wiki/Slalom_(2020_film),Fewer than 50 Ratings,61 Reviews,59%,Drama,['Charlène Favier'],['Edouard Mauriat'],"['Charlène Favier', 'Marie Talon']",92,573005.0
346,Nights of Cabiria,1957,45,https://www.rottentomatoes.com/m/nights_of_cabiria,https://en.m.wikipedia.org/wiki/Nights_of_Cabiria,"5,000+ Ratings",45 Reviews,94%,Drama,['Federico Fellini'],['Dino De Laurentiis'],"['Federico Fellini', 'Ennio Flaiano', 'Tullio Pinelli']",110,770278.0
39,The Dog Who Wouldn't Be Quiet,2021,30,https://www.rottentomatoes.com/m/the_dog_who_wouldnt_be_quiet,https://en.m.wikipedia.org/wiki/The_Dog_Who_Wouldn%27t_Be_Quiet,Fewer than 50 Ratings,30 Reviews,71%,Drama,['Ana Katz'],[],"['Ana Katz', 'Gonzalo Delgado', 'Ana Katz', 'Gonzalo Delgado']",73,14280.0
309,Fat City (film),1972,27,https://www.rottentomatoes.com/m/fat_city/,https://en.m.wikipedia.org/wiki/Fat_City_(film),"1,000+ Ratings",27 Reviews,84%,Drama,['John Huston'],"['Ray Stark', 'John Huston']",['Leonard Gardner'],96,18300000.0
268,Passion Fish,1992,25,https://www.rottentomatoes.com/m/passion_fish,https://en.m.wikipedia.org/wiki/Passion_Fish,"2,500+ Ratings",26 Reviews,82%,Drama,['John Sayles'],"['Sarah Green', 'Maggie Renzi']",['John Sayles'],134,4814619.0
265,Three Colours: Red,1994,57,https://www.rottentomatoes.com/m/1058966-red,https://en.m.wikipedia.org/wiki/Three_Colours:_Red,"25,000+ Ratings",60 Reviews,94%,Drama,['Krzysztof Kieslowski'],[],"['Krzysztof Kieslowski', 'Krzysztof Piesiewicz']",99,4000000.0
261,La haine,1995,33,https://www.rottentomatoes.com/m/la_haine,https://en.m.wikipedia.org/wiki/La_haine,"25,000+ Ratings",33 Reviews,95%,Drama,['Mathieu Kassovitz'],['Christophe Rossignon'],['Mathieu Kassovitz'],98,15300000.0
251,Take Out (2004 film),2004,25,https://www.rottentomatoes.com/m/take_out2004?,https://en.m.wikipedia.org/wiki/Take_Out_(2004_film),250+ Ratings,27 Reviews,72%,Drama,"['Shih-Ching Tsou', 'Sean Baker']","['Shih-Ching Tsou', 'Sean Baker']","['Shih-Ching Tsou', 'Sean Baker']",90,4779.0
249,Cama Adentro,2004,33,https://www.rottentomatoes.com/m/live_in_maid,https://en.m.wikipedia.org/wiki/Cama_Adentro,"1,000+ Ratings",33 Reviews,75%,Drama,['Jorge Gaggero'],"['Verónica Cura', 'Antón Reixa', 'Diego Mas Trelles']",['Jorge Gaggero'],87,4779.0
246,C.R.A.Z.Y.,2005,31,https://www.rottentomatoes.com/m/crazy,https://en.m.wikipedia.org/wiki/C.R.A.Z.Y.,"10,000+ Ratings",31 Reviews,93%,Drama,['Jean-Marc Vallée'],[],"['Jean-Marc Vallée', 'François Boulay']",127,3692417.0
310,The Last Picture Show,1971,62,https://www.rottentomatoes.com/m/last_picture_show/,https://en.m.wikipedia.org/wiki/The_Last_Picture_Show,"10,000+ Ratings",62 Reviews,89%,Drama,['Peter Bogdanovich'],['Stephen Friedman'],"['Peter Bogdanovich', 'Larry McMurtry', 'Larry McMurtry']",118,29100000.0
245,Fireworks Wednesday,2006,45,https://www.rottentomatoes.com/m/fireworks_wednesday,https://en.m.wikipedia.org/wiki/Fireworks_Wednesday,"1,000+ Ratings",45 Reviews,83%,Drama,['Asghar Farhadi'],[],"['Asghar Farhadi', 'Mani Haghighi']",104,327205.0
173,The Dresser (2015 film),2015,14,https://www.rottentomatoes.com/m/the_dresser,https://en.m.wikipedia.org/wiki/The_Dresser_(2015_film),250+ Ratings,14 Reviews,60%,Drama,['Richard Eyre'],['Suzan Harrison'],[],105,15200000.0
418,The Man Who Laughs (1928 film),1928,20,https://www.rottentomatoes.com/m/the_man_who_laughs_1928,https://en.m.wikipedia.org/wiki/The_Man_Who_Laughs_(1928_film),"1,000+ Ratings",21 Reviews,87%,Drama,['Paul Leni'],[],"['J. Grubb Alexander', 'J. Grubb Alexander', 'Victor Hugo']",124,557000.0
202,The Tale of the Princess Kaguya (film),2013,97,https://www.rottentomatoes.com/m/the_tale_of_the_princess_kaguya,https://en.m.wikipedia.org/wiki/The_Tale_of_the_Princess_Kaguya_(film),"10,000+ Ratings",97 Reviews,90%,Fantasy,['Isao Takahata'],"['Geoffrey Wexler', 'Seiichirô Ujiie']","['Isao Takahata', 'Riko Sakaguchi']",137,27000000.0
23,The Witcher: Nightmare of the Wolf,2021,27,https://www.rottentomatoes.com/m/the_witcher_nightmare_of_the_wolf,https://en.m.wikipedia.org/wiki/The_Witcher:_Nightmare_of_the_Wolf,500+ Ratings,27 Reviews,83%,Fantasy,['Kwang-Il Han'],"['Lauren Schmidt Hissrich', 'Beau de Mayo']","['Beau DeMayo', 'Beau de Mayo', 'Andrzej Sapkowski']",83,15751.0
124,Creep 2,2017,26,https://www.rottentomatoes.com/m/creep_2_2017,https://en.m.wikipedia.org/wiki/Creep_2,"1,000+ Ratings",26 Reviews,72%,Horror,['Patrick Brice'],['Carolyn Craddock'],"['Patrick Brice', 'Mark Duplass']",78,7700000.0
411,The Most Dangerous Game (1932 film),1932,20,https://www.rottentomatoes.com/m/most_dangerous_game,https://en.m.wikipedia.org/wiki/The_Most_Dangerous_Game_(1932_film),"2,500+ Ratings",23 Reviews,73%,Horror,"['Irving Pichel', 'Ernest B. Schoedsack']",[],"['Richard Connell', 'James Ashmore Creelman']",63,443000.0
55,His House,2020,122,https://www.rottentomatoes.com/m/his_house,https://en.m.wikipedia.org/wiki/His_House,"1,000+ Ratings",122 Reviews,74%,Horror,['Remi Weekes'],"['Martin Gentles', 'Ed King']",['Remi Weekes'],93,573005.0
164,Seoul Station (film),2016,23,https://www.rottentomatoes.com/m/seoul_station,https://en.m.wikipedia.org/wiki/Seoul_Station_(film),250+ Ratings,23 Reviews,38%,Horror,['Yeon Sang-ho'],"['Lee Dong-ha', 'Suh Youngjoo', 'Yeon Sang-ho']",['Yeon Sang-ho'],92,2021735.0
297,The King and the Mockingbird,1980,22,https://www.rottentomatoes.com/m/the_king_and_the_mockingbird/,https://en.m.wikipedia.org/wiki/The_King_and_the_Mockingbird,"2,500+ Ratings",22 Reviews,90%,Kids &amp; family,['Paul Grimault'],[],"['Paul Grimault', 'Jacques Prévert']",85,6700000.0
260,Toy Story,1995,96,https://www.rottentomatoes.com/m/toy_story,https://en.m.wikipedia.org/wiki/Toy_Story,"250,000+ Ratings",96 Reviews,92%,Kids &amp; family,['John Lasseter'],"['Ralph Guggenheim', 'Bonnie Arnold']","['John Lasseter', 'Pete Docter', 'Joe Ranft', 'Joss Whedon', 'Andrew Stanton', 'Joel Cohen', 'Alec Sokolow']",80,394400000.0
396,Pinocchio (1940 film),1940,60,https://www.rottentomatoes.com/m/pinocchio_1940,https://en.m.wikipedia.org/wiki/Pinocchio_(1940_film),"250,000+ Ratings",60 Reviews,73%,Kids &amp; family,"['Ben Sharpsteen', 'Hamilton Luske']",['Walt Disney'],[],87,164000000.0
253,Toy Story 2,1999,171,https://www.rottentomatoes.com/m/toy_story_2,https://en.m.wikipedia.org/wiki/Toy_Story_2,"250,000+ Ratings",171 Reviews,87%,Kids &amp; family,"['Ash Brannon', 'John Lasseter', 'Lee Unkrich']","['Karen Robert Jackson', 'Helene Plotkin']","['John Lasseter', 'Pete Docter', 'Ash Brannon', 'Andrew Stanton', 'Andrew Stanton', 'Rita Hsiao', 'Doug Chamberlain', 'Chris Webb']",92,512000000.0
302,The Many Adventures of Winnie the Pooh,1977,18,https://www.rottentomatoes.com/m/many_adventures_of_winnie_the_pooh,https://en.m.wikipedia.org/wiki/The_Many_Adventures_of_Winnie_the_Pooh,"25,000+ Ratings",18 Reviews,88%,Kids &amp; family,"['John Lounsbery', 'Wolfgang Reithermann']",['Wolfgang Reitherman'],"['Larry Clemmons', 'Ralph Wright', 'Vance Gerry', 'Xavier Atencio', 'Ken Anderson', 'Julius Svendsen', 'Ted Berman', 'Eric Cleworth']",74,14300000.0
409,Top Hat,1935,42,https://www.rottentomatoes.com/m/top_hat,https://en.m.wikipedia.org/wiki/Top_Hat,"5,000+ Ratings",42 Reviews,90%,Musical,['Mark Sandrich'],['Pandro S. Berman'],"['Aladar Laszlo', 'Károly Nóti', 'Allan Scott', 'Dwight Taylor']",99,3200000.0
230,Passing Strange (musical),2009,25,https://www.rottentomatoes.com/m/1217083_passing_strange,https://en.m.wikipedia.org/wiki/Passing_Strange_(musical),500+ Ratings,25 Reviews,90%,Musical,['Spike Lee'],"['Spike Lee', 'Steve Klein']",[],136,65082.0
359,The Band Wagon,1953,20,https://www.rottentomatoes.com/m/band_wagon,https://en.m.wikipedia.org/wiki/The_Band_Wagon,"2,500+ Ratings",20 Reviews,82%,Musical,['Vincente Minnelli'],['Arthur Freed'],"['Betty Comden', 'Adolph Green']",112,3500000.0
363,Singin' in the Rain,1952,75,https://www.rottentomatoes.com/m/singin_in_the_rain/,https://en.m.wikipedia.org/wiki/Singin%27_in_the_Rain,"100,000+ Ratings",75 Reviews,95%,Musical,"['Stanley Donen', 'Gene Kelly']",['Arthur Freed'],"['Betty Comden', 'Adolph Green']",102,7200000.0
